Q,E
0,3.2677306584605548
0.057183702644746245,3.2578066879958354
0.11436740528949249,3.247921248189789
0.17155110793423875,3.2380742692260642
0.22873481057898498,3.228265681352455
0.28591851322373124,3.218495414880891
0.3431022158684775,3.2087634001874497
0.4002859185132237,3.1990695677123457
0.45746962115796996,3.1894138479599397
0.5146533238027162,3.17979617149873
0.5718370264474625,3.170216468961361
0.6290207290922087,3.160674671044612
0.686204431736955,3.1511707085094156
0.7433881343817013,3.1417045121808336
0.8005718370264474,3.1322760129480782
0.8577555396711937,3.1228851417645
0.9149392423159399,3.113531829647592
0.9721229449606862,3.1042160076789895
1.0293066476054324,3.0949376070044687
1.0864903502501786,3.085696558833947
1.143674052894925,3.0764927944414877
1.2008577555396711,3.067326245165291
1.2580414581844175,3.058196842407701
1.3152251608291636,3.049104517635204
1.37240886347391,3.0400492023784276
1.4295925661186561,3.0310308282321388
1.4867762687634025,3.022049326855254
1.5439599714081487,3.0131046299708197
1.6011436740528948,3.0041966693660362
1.6583273766976412,2.9953253768922377
1.7155110793423873,2.9864906844649046
1.7726947819871337,2.977692524063654
1.8298784846318799,2.968930827732252
1.8870621872766262,2.9602055275785983
1.9442458899213724,2.951516555774744
2.0014295925661187,2.9428638445568707
2.058613295210865,2.934247326225311
2.115796997855611,2.9256669331445377
2.172980700500357,2.917122597743163
2.230164403145104,2.9086142525139387
2.28734810578985,2.900141830013764
2.344531808434596,2.891705262863679
2.4017155110793422,2.88330448374886
2.458899213724089,2.874939425418634
2.516082916368835,2.86661002068646
2.573266619013581,2.858316202429949
2.6304503216583273,2.8500579035908444
2.6876340243030734,2.8418350571750377
2.74481772694782,2.8336475962525585
2.802001429592566,2.8254954539575827
2.8591851322373123,2.8173785634884227
2.9163688348820584,2.8092968581075373
2.973552537526805,2.801250271141522
3.030736240171551,2.7932387359811206
3.0879199428162973,2.7852621860812135
3.1451036454610435,2.777320554960825
3.2022873481057896,2.769413776203119
3.2594710507505362,2.761541783455408
3.3166547533952824,2.7537045104291358
3.3738384560400285,2.7459018908998987
3.4310221586847747,2.738133858707426
3.4882058613295213,2.730400347755595
3.5453895639742674,2.722701292012421
3.6025732666190136,2.7150366255100638
3.6597569692637597,2.7074062823448224
3.716940671908506,2.699810196677141
3.7741243745532524,2.6922483027316013
3.8313080771979986,2.6847205347969303
3.8884917798427447,2.677226827225995
3.945675482487491,2.6697671144358077
4.0028591851322375,2.6623413309075143
4.060042887776984,2.6549494111864145
4.11722659042173,2.6475912898819365
4.174410293066476,2.6402669016676605
4.231593995711222,2.632976181281309
4.288777698355968,2.6257190635247363
4.345961401000714,2.6184954832639455
4.403145103645461,2.6113053754290814
4.460328806290208,2.6041486750144323
4.517512508934954,2.5970253170784225
4.5746962115797,2.589935236743624
4.631879914224446,2.582878369196745
4.689063616869192,2.5758546496886434
4.746247319513938,2.5688640135343097
4.8034310221586844,2.561906396112883
4.860614724803431,2.55498173286764
4.917798427448178,2.548089959306005
4.974982130092924,2.5412310109995344
5.03216583273767,2.5344048235839383
5.089349535382416,2.5276113327590566
5.146533238027162,2.520850474288884
5.203716940671908,2.5141221840015415
5.2609006433166545,2.5074263977893096
5.318084345961401,2.5007630516085935
5.375268048606147,2.494132081479954
5.432451751250894,2.4875334234880837
5.48963545389564,2.480967013781824
5.546819156540386,2.4744327885741533
5.604002859185132,2.4679306841421966
5.6611865618298784,2.4614606368272143
5.718370264474625,2.455022583034616
5.775553967119371,2.448616459233946
5.832737669764117,2.442242201958897
5.889921372408863,2.435899747807297
5.94710507505361,2.4295890334411223
6.004288777698356,2.423309995586485
6.061472480343102,2.4170625710336435
6.1186561829878485,2.410846696636998
6.175839885632595,2.4046623093150883
6.233023588277341,2.3985093460505924
6.290207290922087,2.392387743890338
6.347390993566833,2.386297439945293
6.404574696211579,2.3802383713905617
6.461758398856326,2.3742104754653948
6.5189421015010725,2.368213689473182
6.576125804145819,2.3622479507814593
6.633309506790565,2.3563131968219007
6.690493209435311,2.3504093650903224
6.747676912080057,2.344536393146683
6.804860614724803,2.3386942186150836
6.862044317369549,2.3328827791837665
6.9192280200142955,2.3271020126051156
6.9764117226590425,2.321351856695656
7.033595425303789,2.315632249336056
7.090779127948535,2.3099431284711263
7.147962830593281,2.304284432109817
7.205146533238027,2.2986560983252207
7.262330235882773,2.293058065254575
7.319513938527519,2.2874902710992524
7.376697641172266,2.2819526541247765
7.433881343817012,2.276445152660804
7.491065046461759,2.27096770510114
7.548248749106505,2.2655202499037252
7.605432451751251,2.26010272559065
7.662616154395997,2.254715070748137
7.719799857040743,2.24935722402656
7.7769835596854895,2.244029124140429
7.834167262330236,2.238730709868397
7.891350964974982,2.2334619200532573
7.948534667619728,2.2282226936019502
8.005718370264475,2.2230129694855516
8.062902072909221,2.217832686739284
8.120085775553967,2.212681784462509
8.177269478198713,2.207560201818729
8.23445318084346,2.202467878035593
8.291636883488206,2.1974047524048874
8.348820586132952,2.19237076428254
8.406004288777698,2.187365853088624
8.463187991422444,2.182389958307353
8.52037169406719,2.1774430194870824
8.577555396711936,2.172524976240306
8.634739099356683,2.167635768243664
8.691922802001429,2.16277533523794
8.749106504646177,2.1579436170280517
8.806290207290923,2.1531405534830665
8.863473909935669,2.1483660845361885
8.920657612580415,2.1436201501847667
8.977841315225161,2.1389026904902897
9.035025017869907,2.1342136455783898
9.092208720514654,2.1295529556388386
9.1493924231594,2.1249205609255535
9.206576125804146,2.1203164017565888
9.263759828448892,2.1157404185141466
9.320943531093638,2.1111925516445633
9.378127233738384,2.106672741658325
9.43531093638313,2.1021809291300535
9.492494639027877,2.0977170546985153
9.549678341672623,2.0932810590666175
9.606862044317369,2.0888728830014123
9.664045746962115,2.0844924673340874
9.721229449606861,2.0801397529599797
9.77841315225161,2.075814680838561
9.835596854896355,2.07151719199345
9.892780557541101,2.0672472275124067
9.949964260185848,2.063004728547329
10.007147962830594,2.058789636314259
10.06433166547534,2.0546018920933835
10.121515368120086,2.050441437229028
10.178699070764832,2.046308213129659
10.235882773409578,2.0422021612678853
10.293066476054324,2.03812322318046
10.35025017869907,2.0340713404682766
10.407433881343817,2.03004645479637
10.464617583988563,2.0260485078939148
10.521801286633309,2.022077441554232
10.578984989278055,2.018133197634783
10.636168691922801,2.0142157180571694
10.693352394567547,2.0103249448071323
10.750536097212294,2.0064608199345617
10.807719799857042,2.002623285553484
10.864903502501788,1.998812283842068
10.922087205146534,1.9950277570426276
10.97927090779128,1.991269647461612
11.036454610436026,1.9875378974696207
11.093638313080772,1.9838324495013868
11.150822015725518,1.9801532460557931
11.208005718370265,1.976500229695856
11.26518942101501,1.9728733430487413
11.322373123659757,1.9692725288057498
11.379556826304503,1.9656977297223306
11.43674052894925,1.9621488886180691
11.493924231593995,1.9586259483766983
11.551107934238741,1.955128851946085
11.608291636883488,1.9516575423382474
11.665475339528234,1.948211962629336
11.72265904217298,1.9447920559596517
11.779842744817726,1.9413977655336296
11.837026447462474,1.9380290346198543
11.89421015010722,1.9346858065510442
11.951393852751966,1.9313680247240652
12.008577555396712,1.9280756325999249
12.065761258041459,1.92480857370377
12.122944960686205,1.9215667916248873
12.180128663330951,1.9183502300167117
12.237312365975697,1.9151588325968167
12.294496068620443,1.911992543146917
12.35167977126519,1.9088513055128666
12.408863473909935,1.9057350636046673
12.466047176554682,1.9026437613964597
12.523230879199428,1.8995773429265257
12.580414581844174,1.8965357522972877
12.63759828448892,1.8935189336753133
12.694781987133666,1.8905268312913117
12.751965689778412,1.8875593894401312
12.809149392423159,1.8846165524807619
12.866333095067906,1.8816982648363385
12.923516797712653,1.8788044709941374
12.980700500357399,1.875935115505573
13.037884203002145,1.8730901429862066
13.095067905646891,1.8702694981157368
13.152251608291637,1.8674731256380073
13.209435310936383,1.8647009703610011
13.26661901358113,1.8619529771568455
13.323802716225876,1.8592290909618072
13.380986418870622,1.8565292567762977
13.438170121515368,1.853853419664866
13.495353824160114,1.8512015247562077
13.55253752680486,1.8485735172431554
13.609721229449606,1.8459693423826893
13.666904932094353,1.8433889454959258
13.724088634739099,1.840832271968127
13.781272337383845,1.8382992672486933
13.838456040028591,1.8357898768511716
13.895639742673339,1.833304046353245
13.952823445318085,1.830841721396745
14.010007147962831,1.828402847687637
14.067190850607577,1.8259873709960355
14.124374553252323,1.8235952371561939
14.18155825589707,1.8212263920665066
14.238741958541816,1.8188807816895094
14.295925661186562,1.8165583520518822
14.353109363831308,1.8142590492444473
14.410293066476054,1.8119828194221648
14.4674767691208,1.809729608804139
14.524660471765547,1.8074993636736167
14.581844174410293,1.8052920303779867
14.639027877055039,1.8031075553287776
14.696211579699785,1.8009458850016604
14.753395282344531,1.7988069659364487
14.810578984989277,1.7966907447370997
14.867762687634023,1.794597168071708
14.924946390278771,1.792526182672513
14.982130092923517,1.7904777353358952
15.039313795568264,1.788451772922379
15.09649749821301,1.7864482423566252
15.153681200857756,1.7844670906274431
15.210864903502502,1.7825082647877786
15.268048606147248,1.7805717119547233
15.325232308791994,1.778657379309506
15.38241601143674,1.7767652140975025
15.439599714081487,1.7748951636282266
15.496783416726233,1.7730471752753367
15.553967119370979,1.7712211964766291
15.611150822015725,1.7694171747340481
15.668334524660471,1.7676350576136726
15.725518227305217,1.7658747927457301
15.782701929949964,1.7641363278245834
15.83988563259471,1.7624196106087433
15.897069335239456,1.7607245889208574
15.954253037884204,1.7590512106477185
16.01143674052895,1.7573994237402601
16.068620443173696,1.7557691762135568
16.125804145818442,1.7541604161468256
16.18298784846319,1.7525730916834248
16.240171551107935,1.7510071510308567
16.29735525375268,1.7494625424607637
16.354538956397427,1.7479392143089274
16.411722659042173,1.7464371149752766
16.46890636168692,1.7449561929238788
16.526090064331665,1.743496396682944
16.58327376697641,1.742057674844821
16.640457469621158,1.7406399760660067
16.697641172265904,1.7392432490671355
16.75482487491065,1.7378674426329836
16.812008577555396,1.7365125056124695
16.869192280200142,1.7351783869186546
16.92637598284489,1.733865035528742
16.983559685489634,1.7325724004840757
17.04074338813438,1.7313004308901399
17.097927090779127,1.7300490759165648
17.155110793423873,1.72881828479712
17.21229449606862,1.7276080068297168
17.269478198713365,1.7264181913764072
17.32666190135811,1.7252487878633884
17.383845604002857,1.7240997457809968
17.441029306647607,1.7229710146837107
17.498213009292353,1.7218625441901512
17.5553967119371,1.720774283983081
17.612580414581846,1.7197061838094048
17.669764117226592,1.7186581934801672
17.726947819871338,1.7176302628705578
17.784131522516084,1.716622341919906
17.84131522516083,1.7156343806316825
17.898498927805576,1.7146663290735016
17.955682630450323,1.7137181373771186
18.01286633309507,1.7127897557384297
18.070050035739815,1.7118811344174751
18.12723373838456,1.7109922237384345
18.184417441029307,1.7101229740896302
18.241601143674053,1.7092733359235277
18.2987848463188,1.708443259756732
18.355968548963546,1.7076326961699921
18.41315225160829,1.7068415958081966
18.470335954253038,1.706069909380378
18.527519656897784,1.7053175876597098
18.58470335954253,1.704584581483507
18.641887062187276,1.7038708417532262
18.699070764832022,1.7031763194344673
18.75625446747677,1.70250096555697
18.813438170121515,1.7018447312146174
18.87062187276626,1.7012075675654341
18.927805575411007,1.7005894258315855
18.984989278055753,1.6999902572993801
19.0421729807005,1.699410013319268
19.099356683345246,1.6988486453058398
19.15654038598999,1.69830610473783
19.213724088634738,1.6977823431581134
19.270907791279484,1.6972773121737073
19.32809149392423,1.6967909634557705
19.385275196568976,1.696323248739603
19.442458899213722,1.6958741198246488
19.499642601858472,1.6954435285744913
19.55682630450322,1.6950314269168572
19.614010007147964,1.6946377668436137
19.67119370979271,1.6942625004107712
19.728377412437457,1.6939055797384817
19.785561115082203,1.693566957011038
19.84274481772695,1.6932465844768754
19.899928520371695,1.6929444144485717
19.95711222301644,1.6926603993028448
20.014295925661187,1.6923944914805567
20.071479628305934,1.6921466434867083
20.12866333095068,1.6919168078904459
20.185847033595426,1.691704937325054
20.243030736240172,1.6915109844879617
20.300214438884918,1.6913349021407384
20.357398141529664,1.6911766431090958
20.41458184417441,1.6910361602828876
20.471765546819157,1.6909134066161091
20.528949249463903,1.6908083351268968
20.58613295210865,1.6907208988975302
20.643316654753395,1.6906510510744301
20.70050035739814,1.6905987448681588
20.757684060042887,1.6905639335534208
20.814867762687634,1.6905465704690623
20.87205146533238,1.6905466090180714
20.929235167977126,1.6905640026675783
20.986418870621872,1.6905987049488538
21.043602573266618,1.690650669457312
21.100786275911364,1.6907198498525078
21.15796997855611,1.690806199858139
21.215153681200857,1.690909673262044
21.272337383845603,1.6910302239162038
21.32952108649035,1.6911678057367405
21.386704789135095,1.6913223727039195
21.44388849177984,1.6914938788621465
21.501072194424587,1.691682278319969
21.558255897069337,1.6918875252500778
21.615439599714083,1.6921095738893037
21.67262330235883,1.6923483785386209
21.729807005003575,1.692603893563145
21.78699070764832,1.6928760733921315
21.844174410293068,1.6931648725189814
21.901358112937814,1.6934702455012338
21.95854181558256,1.6937921469605728
22.015725518227306,1.6941305315828221
22.072909220872052,1.6944853541179477
22.1300929235168,1.6948565693800575
22.187276626161545,1.6952441322474023
22.24446032880629,1.6956479976623735
22.301644031451037,1.696068120631504
22.358827734095783,1.6965044562254692
22.41601143674053,1.6969569595790865
22.473195139385275,1.697425585891316
22.53037884203002,1.697910290425257
22.587562544674768,1.6984110285081522
22.644746247319514,1.6989277555313869
22.70192994996426,1.699460426950487
22.759113652609006,1.7000089982851196
22.816297355253752,1.7005734251190958
22.8734810578985,1.7011536631003672
22.930664760543245,1.7017496679410273
22.98784846318799,1.702361395417311
23.045032165832737,1.7029888013695953
23.102215868477483,1.7036318417024
23.15939957112223,1.7042904723843855
23.216583273766975,1.7049646494483546
23.27376697641172,1.705654328991251
23.330950679056468,1.7063594671741618
23.388134381701214,1.707080020222315
23.44531808434596,1.7078159444250804
23.502501786990706,1.7085671961359699
23.559685489635452,1.7093337317726363
23.616869192280202,1.7101155078168762
23.674052894924948,1.7109124808146248
23.731236597569694,1.7117246073759633
23.78842030021444,1.7125518441751117
23.845604002859186,1.7133941479504322
23.902787705503933,1.71425147550443
23.95997140814868,1.715123783703751
24.017155110793425,1.7160110294791828
24.07433881343817,1.716913169825656
24.131522516082917,1.717830161802242
24.188706218727663,1.7187619625321549
24.24588992137241,1.7197085292027492
24.303073624017156,1.720669819065523
24.360257326661902,1.7216457894361146
24.417441029306648,1.7226363976943053
24.474624731951394,1.7236416012840179
24.53180843459614,1.724661357713316
24.588992137240886,1.725695624554407
24.646175839885633,1.726744359443638
24.70335954253038,1.7278075200815
24.760543245175125,1.7288850642326237
24.81772694781987,1.7299769497257835
24.874910650464617,1.7310831344538942
24.932094353109363,1.7322035763740136
24.98927805575411,1.7333382335073397
25.046461758398856,1.7344870639392147
25.1036454610436,1.7356500258191203
25.160829163688348,1.7368270773606815
25.218012866333094,1.7380181768416638
25.27519656897784,1.7392232826039764
25.332380271622586,1.7404423530536692
25.389563974267332,1.7416753466609334
25.44674767691208,1.7429222219601024
25.503931379556825,1.744182937549652
25.56111508220157,1.7454574520921995
25.618298784846317,1.746745724314504
25.675482487491067,1.748047713007466
25.732666190135813,1.7493633770261288
25.78984989278056,1.7506926752896759
25.847033595425305,1.752035566781434
25.90421729807005,1.7533920105488718
25.961401000714798,1.7547619657035989
26.018584703359544,1.7561453914213672
26.07576840600429,1.7575422469420696
26.132952108649036,1.758952491569743
26.190135811293782,1.7603760846725633
26.24731951393853,1.76181298568285
26.304503216583274,1.7632631540970638
26.36168691922802,1.764726549475808
26.418870621872767,1.7662031314438262
26.476054324517513,1.7676928596900054
26.53323802716226,1.7691956939673736
26.590421729807005,1.7707115940931013
26.64760543245175,1.7722405199484987
26.704789135096497,1.7737824314790211
26.761972837741244,1.7753372886942635
26.81915654038599,1.7769050516679625
26.876340243030736,1.7784856805379983
26.933523945675482,1.7800791355063907
26.990707648320228,1.7816853768393026
27.047891350964974,1.7833043648670392
27.10507505360972,1.7849360599840463
27.162258756254467,1.7865804226489121
27.219442458899213,1.7882374133843666
27.27662616154396,1.789906992777282
27.333809864188705,1.7915891214786712
27.39099356683345,1.7932837602036904
27.448177269478197,1.7949908697316364
27.505360972122944,1.7967104109059482
27.56254467476769,1.7984423446342075
27.619728377412436,1.8001866318881363
27.676912080057182,1.801943233703599
27.73409578270193,1.8037121111806023
27.791279485346678,1.8054932254832945
27.848463187991424,1.8072865378399656
27.90564689063617,1.8090920095430467
27.962830593280916,1.8109096019491122
28.020014295925662,1.8127392764788772
28.07719799857041,1.8145809946171998
28.134381701215155,1.816434717913078
28.1915654038599,1.8183004079796532
28.248749106504647,1.8201780264942082
28.305932809149393,1.8220675351981672
28.36311651179414,1.8239688958970977
28.420300214438885,1.8258820704607064
28.47748391708363,1.827807020822844
28.534667619728378,1.8297437089815018
28.591851322373124,1.8316920969988149
28.64903502501787,1.8336521470010572
28.706218727662616,1.8356238211786464
28.763402430307362,1.8376070817861425
28.82058613295211,1.8396018911422458
28.877769835596855,1.8416082116297983
28.9349535382416,1.843626005695786
28.992137240886347,1.845655235851334
29.049320943531093,1.8476958646717114
29.10650464617584,1.849747854796328
29.163688348820585,1.8518111689287353
29.22087205146533,1.8538857698366276
29.278055754110078,1.8559716203518397
29.335239456754824,1.8580686833703497
29.39242315939957,1.860176921852276
29.449606862044316,1.8622962988218796
29.506790564689062,1.8644267773675636
29.56397426733381,1.8665683206418726
29.621157969978555,1.8687208918614924
29.6783416726233,1.8708844543072523
29.735525375268047,1.8730589713241215
29.792709077912797,1.875244406321212
29.849892780557543,1.877440722771778
29.90707648320229,1.879647884213214
29.964260185847035,1.881865854247058
30.02144388849178,1.8840945965389895
30.078627591136527,1.8863340748188289
30.135811293781273,1.8885842528805385
30.19299499642602,1.890845094582224
30.250178699070766,1.8931165638461316
30.307362401715512,1.895398624658649
30.364546104360258,1.897691241070306
30.421729807005004,1.8999943771957755
30.47891350964975,1.9023079972138706
30.536097212294496,1.9046320653675468
30.593280914939243,1.906966545963901
30.65046461758399,1.9093114033741738
30.707648320228735,1.911666602033745
30.76483202287348,1.914032106442138
30.822015725518227,1.916407881163016
30.879199428162973,1.918793890824187
30.93638313080772,1.9211901001175993
30.993566833452466,1.923596473799342
31.050750536097212,1.9260129766896472
31.107934238741958,1.928439573672889
31.165117941386704,1.9308762296975828
31.22230164403145,1.933322909776386
31.279485346676196,1.9357795789860974
31.336669049320943,1.938246202467658
31.39385275196569,1.9407227454261515
31.451036454610435,1.9432091731308017
31.50822015725518,1.945705450914975
31.565403859899927,1.9482115441761803
31.622587562544673,1.9507274183760668
31.67977126518942,1.953253039040428
31.736954967834166,1.955788371759195
31.79413867047891,1.958333382186446
31.85132237312366,1.9608880360403966
31.908506075768408,1.9634522991034067
31.965689778413154,1.9660261372219774
32.0228734810579,1.968609516306751
32.08005718370264,1.9712024023325125
32.13724088634739,1.9738047613381888
32.194424588992135,1.9764165594268475
32.251608291636884,1.9790377627656985
32.30879199428163,1.9816683375860942
32.36597569692638,1.9843082501835285
32.42315939957112,1.9869574669176369
32.48034310221587,1.989615954212196
32.53752680486061,1.992283678555126
32.59471050750536,1.9949606064984877
32.651894210150104,1.9976467046584832
32.709077912794854,2.000341939715458
32.766261615439596,2.0030462784138985
32.823445318084346,2.0057596875624326
32.880629020729096,2.008482134033831
32.93781272337384,2.011213584765004
32.99499642601859,2.013954006757007
33.05218012866333,2.016703367075036
33.10936383130808,2.0194616328484267
33.16654753395282,2.022228771270659
33.22373123659757,2.025004749599354
33.280914939242315,2.027789535156275
33.338098641887065,2.0305830953273265
33.39528234453181,2.0333853975625544
33.45246604717656,2.0361964093761475
33.5096497498213,2.039016098346435
33.56683345246605,2.0418444321158913
33.62401715511079,2.044681378391127
33.68120085775554,2.0475269049429
33.738384560400284,2.050380979606106
33.795568263045034,2.0532435702797858
33.85275196568978,2.0561146449271197
33.909935668334526,2.0589941715754305
33.96711937097927,2.0618821183161833
34.02430307362402,2.0647784533049838
34.08148677626876,2.067683144761581
34.13867047891351,2.070596160969865
34.19585418155825,2.0735174702778676
34.253037884203,2.0764470410977625
34.310221586847746,2.0793848419058656
34.367405289492496,2.0823308412426336
34.42458899213724,2.085285007712667
34.48177269478199,2.0882473099847054
34.53895639742673,2.091217716791632
34.59614010007148,2.094196196930473
34.65332380271622,2.097182719262393
34.71050750536097,2.100177252712702
34.767691208005715,2.103179766270848
34.824874910650465,2.1061902289904255
34.882058613295214,2.1092086099891665
34.93924231593996,2.112234878448947
34.99642601858471,2.1152690036157846
35.05360972122945,2.1183109547998384
35.1107934238742,2.12136070137541
35.16797712651894,2.1244182127809412
35.22516082916369,2.1274834585190185
35.282344531808434,2.130556408156366
35.339528234453184,2.133637031323855
35.396711937097926,2.136725297716492
35.453895639742676,2.139821177093433
35.51107934238742,2.142924639277968
35.56826304503217,2.146035654157536
35.62544674767691,2.1491541916837122
35.68263045032166,2.152280221872217
35.7398141529664,2.1554137148029104
35.79699785561115,2.158554640619796
35.854181558255895,2.161702969531019
35.911365260900645,2.164858671808865
35.96854896354539,2.168021717789763
36.02573266619014,2.1711920778742835
36.08291636883488,2.1743697225271372
36.14010007147963,2.177554622277179
36.19728377412437,2.1807467477174036
36.25446747676912,2.1839460695049495
36.311651179413865,2.1871525583610953
36.368834882058614,2.1903661850712632
36.42601858470336,2.193586920485014
36.48320228734811,2.196814735516055
36.54038598999285,2.2000496011422306
36.5975696926376,2.2032914884055304
36.65475339528234,2.206540368412084
36.71193709792709,2.2097962123321637
36.769120800571834,2.213058991400183
36.82630450321658,2.216328676914698
36.883488205861326,2.2196052402384066
36.940671908506076,2.222888652798147
36.997855611150825,2.2261788860849006
37.05503931379557,2.229475911653791
37.11222301644032,2.232779701124082
37.16940671908506,2.2360902261791806
37.22659042172981,2.239407458566636
37.28377412437455,2.242731370098137
37.3409578270193,2.246061932649517
37.398141529664045,2.249399118160748
37.455325232308795,2.2527428986359475
37.51250893495354,2.2560932461433714
37.56969263759829,2.259450132815421
37.62687634024303,2.2628135308486357
37.68406004288778,2.266183412503699
37.74124374553252,2.2695597501054365
37.79842744817727,2.2729425160428134
37.855611150822014,2.276331682768938
37.912794853466764,2.2797272228010623
37.969978556111506,2.283129108720577
38.027162258756256,2.286537313173016
38.084345961401,2.2899518088680555
38.14152966404575,2.293372568579512
38.19871336669049,2.2967995651453457
38.25589706933524,2.300232771467658
38.31308077197998,2.3036721605126913
38.37026447462473,2.3071177053108305
38.427448177269476,2.310569378956602
38.484631879914225,2.3140271546086746
38.54181558255897,2.3174910054898583
38.59899928520372,2.320960904887105
38.65618298784846,2.324436826151509
38.71336669049321,2.327918742698306
38.77055039313795,2.331406628006872
38.8277340957827,2.334900455620729
38.884917798427445,2.338400199147536
38.942101501072194,2.341905832259097
38.999285203716944,2.345417328691357
39.05646890636169,2.3489346622444014
39.11365260900644,2.3524578067824597
39.17083631165118,2.3559867362339015
39.22802001429593,2.3595214245912395
39.28520371694067,2.363061845911127
39.34238741958542,2.36660797431436
39.399571122230164,2.370159783985876
39.45675482487491,2.3737172491747542
39.513938527519656,2.377280344194216
39.571122230164406,2.3808490434216245
39.62830593280915,2.3844233212984847
39.6854896354539,2.388003152330442
39.74267333809864,2.3915885110872854
39.79985704074339,2.3951793722029464
39.85704074338813,2.398775710375496
39.91422444603288,2.4023775003671473
39.971408148677625,2.405984717004258
40.028591851322375,2.409597335177324
40.08577555396712,2.413215329840985
40.14295925661187,2.416838676014023
40.20014295925661,2.4204673487793604
40.25732666190136,2.424101323284061
40.3145103645461,2.4277405747393335
40.37169406719085,2.431385078420525
40.428877769835594,2.435034809667126
40.486061472480344,2.438689743882769
40.54324517512509,2.4423498565352273
40.600428877769836,2.4460151231564176
40.65761258041458,2.4496855193423954
40.71479628305933,2.4533610207533627
40.77197998570407,2.457041603113659
40.82916368834882,2.4607272422117674
40.88634739099356,2.464417913900313
40.94353109363831,2.4681135940960646
41.000714796283056,2.471814258779926
41.057898498927806,2.4755198839969514
41.115082201572555,2.4792304458563317
41.1722659042173,2.4829459205314004
41.22944960686205,2.486666284259634
41.28663330950679,2.490391513342648
41.34381701215154,2.494121584146206
41.40100071479628,2.497856473100205
41.45818441744103,2.5015961566986897
41.515368120085775,2.505340611499846
41.572551822730524,2.509089814125999
41.62973552537527,2.5128437412636173
41.68691922802002,2.516602369663312
41.74410293066476,2.5203656761398343
41.80128663330951,2.52413363757208
41.85847033595425,2.5279062309030818
41.915654038599,2.5316834331400195
41.972837741243744,2.5354652213542126
42.030021443888494,2.5392515726811213
42.087205146533236,2.543042464320348
42.144388849177986,2.546837873535641
42.20157255182273,2.5506377776548823
42.25875625446748,2.554442154070104
42.31593995711222,2.5582509802374744
42.37312365975697,2.562064233677307
42.43030736240171,2.5658818919740543
42.48749106504646,2.5697039327763136
42.544674767691205,2.573530333796822
42.601858470335955,2.577361072812458
42.6590421729807,2.581196127664243
42.71622587562545,2.5850354762573424
42.77340957827019,2.5888790965610573
42.83059328091494,2.5927269666088373
42.88777698355968,2.59657906449827
42.94496068620443,2.6004353683910857
43.002144388849175,2.604295856513156
43.059328091493924,2.608160507154496
43.116511794138674,2.6120292986692606
43.17369549678342,2.615902209475748
43.230879199428166,2.6197792180563964
43.28806290207291,2.6236603029577887
43.34524660471766,2.6275454427906473
43.4024303073624,2.631434616229837
43.45961401000715,2.6353278020143645
43.51679771265189,2.639224978947378
43.57398141529664,2.6431261258961682
43.631165117941386,2.647031221792167
43.688348820586135,2.6509402456309497
43.74553252323088,2.65485317647223
43.80271622587563,2.658769993439867
43.85989992852037,2.6626906757218602
43.91708363116512,2.66661520257035
43.97426733380986,2.6705435533016195
44.03145103645461,2.6744757072960947
44.088634739099355,2.6784116439983405
44.145818441744105,2.682351342917068
44.20300214438885,2.6862947836251245
44.2601858470336,2.690241945759505
44.31736954967834,2.694192809021341
44.37455325232309,2.698147353175911
44.43173695496783,2.7021055580526294
44.48892065761258,2.7060674035450596
44.546104360257324,2.710032869610899
44.603288062902074,2.7140019362719934
44.660471765546816,2.717974583614326
44.717655468191566,2.721950791788025
44.77483917083631,2.725930541007358
44.83202287348106,2.7299138115507353
44.8892065761258,2.7339005837607098
44.94639027877055,2.7378908380439753
45.00357398141529,2.7418845548713655
45.06075768406004,2.7458817147778625
45.117941386704786,2.7498822983625817
45.175125089349535,2.7538862862887865
45.232308791994285,2.75789365928388
45.28949249463903,2.7619043981394054
45.34667619728378,2.7659184837110518
45.40385989992852,2.7699358969186454
45.46104360257327,2.7739566187461584
45.51822730521801,2.7779806302417023
45.57541100786276,2.7820079125175314
45.632594710507504,2.7860384467500405
45.689778413152254,2.790072214179769
45.746962115797,2.7941091961113944
45.80414581844175,2.7981493739137404
45.86132952108649,2.8021927290197692
45.91851322373124,2.806239242926584
45.97569692637598,2.810288897195433
46.03288062902073,2.8143416734517053
46.090064331665474,2.81839755338493
46.14724803431022,2.8224565187487802
46.204431736954966,2.8265185513610698
46.261615439599716,2.8305836331037555
46.31879914224446,2.8346517459229332
46.37598284488921,2.8387228718288435
46.43316654753395,2.8427969928958676
46.4903502501787,2.846874091262528
46.54753395282344,2.8509541491314905
46.60471765546819,2.8550371487695623
46.661901358112935,2.85912307250769
46.719085060757685,2.863211902740965
46.77626876340243,2.8673036219286208
46.83345246604718,2.871398212594031
46.89063616869192,2.87549565732471
46.94781987133667,2.879595938772317
47.00500357398141,2.8836990396526496
47.06218727662616,2.887804942745652
47.119370979270904,2.891913630895405
47.176554681915654,2.896025087010134
47.233738384560404,2.9001392940622073
47.290922087205146,2.904256235088131
47.348105789849896,2.908375893188558
47.40528949249464,2.912498251528279
47.46247319513939,2.9166232933362286
47.51965689778413,2.920751001905482
47.57684060042888,2.9248813605932593
47.63402430307362,2.9290143528209156
47.69120800571837,2.9331499620739567
47.748391708363116,2.9372881719020234
47.805575411007865,2.941428965918901
47.86275911365261,2.945572327802517
47.91994281629736,2.9497182412949394
47.9771265189421,2.9538666902023776
48.03431022158685,2.9580176583951863
48.09149392423159,2.962171129807858
48.14867762687634,2.9663270884390287
48.205861329521085,2.9704855183514765
48.263045032165834,2.974646403672121
48.32022873481058,2.9788097285920223
48.37741243745533,2.982975477366386
48.43459614010007,2.987143634314554
48.49177984274482,2.991314183820017
48.54896354538956,2.9954871103304
48.60614724803431,2.9996623983574753
48.663330950679054,3.0038400324771537
48.720514653323804,3.008019997329492
48.777698355968546,3.0122022776186825
48.834882058613296,3.0163868581130666
48.89206576125804,3.0205737236451218
48.94924946390279,3.02476285911147
49.00643316654753,3.0289542494728727
49.06361686919228,3.033147879754239
49.12080057183702,3.03734373504461
49.17798427448177,3.0415418004971806
49.23516797712652,3.045742061329277
49.292351679771265,3.0499445028223713
49.349535382416015,3.0541491103220806
49.40671908506076,3.0583558692381585
49.46390278770551,3.062564765044504
49.52108649035025,3.0667757832791542
49.578270192995,3.0709889095442957
49.63545389563974,3.0752041295062447
49.69263759828449,3.079421428895473
49.749821300929234,3.083640793506583
49.807005003573984,3.0878622091983243
49.86418870621873,3.092085661893588
49.921372408863476,3.0963111375794057
49.97855611150822,3.1005386223069533
50.03573981415297,3.1047681021915454
50.09292351679771,3.108999563412639
50.15010721944246,3.113232992213835
50.2072909220872,3.1174683749028733
50.26447462473195,3.121705697851639
50.321658327376696,3.125944947496156
50.378842030021445,3.1301861103365916
50.43602573266619,3.1344291729372524
50.49320943531094,3.138674121926594
50.55039313795568,3.1429209439972023
50.60757684060043,3.1471696259058177
50.66476054324517,3.151420154473311
50.72194424588992,3.155672516584703
50.779127948534665,3.1599266991891515
50.836311651179415,3.1641826892999596
50.89349535382416,3.168440473994569
50.95067905646891,3.172700040414566
51.00786275911365,3.176961375765675
51.0650464617584,3.1812244673177696
51.12223016440314,3.1854893024048545
51.17941386704789,3.189755868425087
51.236597569692634,3.194024152840758
51.293781272337384,3.198294143178305
51.35096497498213,3.2025658270283053
51.408148677626876,3.2068391920454773
51.465332380271626,3.2111142259486862
51.52251608291637,3.2153909165209287
51.57969978556112,3.2196692516093575
51.63688348820586,3.2239492191252537
51.69406719085061,3.22823080704405
51.75125089349535,3.232514003405313
51.8084345961401,3.2367987963127582
51.865618298784845,3.2410851739342386
51.922802001429595,3.245373124501751
51.97998570407434,3.249662636311431
52.03716940671909,3.2539536977235617
52.09435310936383,3.2582462971625596
52.15153681200858,3.2625404231169934
52.20872051465332,3.2668360641395635
52.26590421729807,3.2711332088471208
52.323087919942814,3.2754318459206515
52.380271622587564,3.279731964105287
52.43745532523231,3.284033552210299
52.49463902787706,3.288336599109103
52.5518227305218,3.2926410937392516
52.60900643316655,3.296947025102447
52.66619013581129,3.301254382264527
52.72337383845604,3.305563154355474
52.780557541100784,3.309873330569408
52.83774124374553,3.3141849001645975
52.894924946390276,3.318497852463448
52.952108649035026,3.32281217685251
53.00929235167977,3.327127862782471
53.06647605432452,3.331444899768165
53.12365975696926,3.3357632773885664
53.18084345961401,3.3400829852867915
53.23802716225875,3.344404013170096
53.2952108649035,3.348726350809882
53.35239456754825,3.3530499880416915
53.409578270192995,3.3573749147652037
53.466761972837745,3.361701120944249
53.52394567548249,3.36602859660679
53.58112937812724,3.370357331844937
53.63831308077198,3.374687316814941
53.69549678341673,3.3790185417371936
53.75268048606147,3.383350996896231
53.80986418870622,3.387684672640727
53.867047891350964,3.3920195593835007
53.924231593995714,3.39635564760151
53.981415296640456,3.4006929278358573
54.038598999285206,3.405031390691787
54.09578270192995,3.4093710268386834
54.1529664045747,3.4137118270100735
54.21015010721944,3.418053782003625
54.26733380986419,3.4223968826811504
54.32451751250893,3.426741119968602
54.38170121515368,3.4310864848560714
54.438884917798426,3.4354329683977975
54.496068620443175,3.4397805617121557
54.55325232308792,3.44412925598167
54.61043602573267,3.448479042452996
54.66761972837741,3.4528299124369406
54.72480343102216,3.4571818573084494
54.7819871336669,3.4615348685066083
54.83917083631165,3.4658889375346447
54.896354538956395,3.470244055959931
54.953538241601144,3.4746002154139783
55.01072194424589,3.4789574075924428
55.06790564689064,3.4833156242551198
55.12508934953538,3.487674857225945
55.18227305218013,3.4920350983930017
55.23945675482487,3.496396339708509
55.29664045746962,3.50075857318883
55.353824160114364,3.505121790914471
55.411007862759114,3.509485985030078
55.46819156540386,3.5138511477444405
55.525375268048606,3.5182172713304904
55.582558970693356,3.5225843481252976
55.6397426733381,3.5269523705300774
55.69692637598285,3.5313213310101865
55.75411007862759,3.5356912220951227
55.81129378127234,3.540062036378524
55.86847748391708,3.544433766518173
55.92566118656183,3.5488064052359927
55.982844889206575,3.5531799453180497
56.040028591851325,3.5575543796145497
56.09721229449607,3.5619297010398423
56.15439599714082,3.5663059025724166
56.21157969978556,3.570682977254908
56.26876340243031,3.5750609181940867
56.32594710507505,3.579439718560872
56.3831308077198,3.58381937159032
56.440314510364544,3.588199870581631
56.497498213009294,3.5925812088981477
56.55468191565404,3.596963379967351
56.611865618298786,3.6013463772808674
56.66904932094353,3.605730194394466
56.72623302358828,3.6101148249280524
56.78341672623302,3.6145002625656772
56.84060042887777,3.6188865010555347
56.89778413152251,3.6232735342099587
56.95496783416726,3.627661355905426
57.012151536812006,3.6320499600825507
57.069335239456755,3.6364393407460978
57.1265189421015,3.6408294919649675
57.18370264474625,3.645220407872202
57.24088634739099,3.6496120826649836
57.29807005003574,3.6540045106046435
57.35525375268048,3.6583976860166514
57.41243745532523,3.662791603290613
57.46962115796998,3.667186256880286
57.526804860614725,3.671581641303562
57.583988563259474,3.6759777511424767
57.64117226590422,3.6803745810432096
57.69835596854897,3.6847721257160786
57.75553967119371,3.689170379935546
57.81272337383846,3.6935693385402173
57.8699070764832,3.697968996432834
57.92709077912795,3.7023693485802864
57.984274481772694,3.7067703900135998
58.04145818441744,3.7111721158279494
58.098641887062186,3.7155745211826434
58.155825589706936,3.71997760130114
58.21300929235168,3.7243813514710324
58.27019299499643,3.728785767044059
58.32737669764117,3.7331908434361
58.38456040028592,3.7375965761271774
58.44174410293066,3.742002960661453
58.49892780557541,3.746409992647235
58.556111508220155,3.750817667756967
58.613295210864905,3.7552259817272398
58.67047891350965,3.759634930358784
58.7276626161544,3.764044509516471
58.78484631879914,3.768454715129319
58.84203002144389,3.7728655431904774
58.89921372408863,3.7772769897572482
58.95639742673338,3.7816890509510714
59.013581129378125,3.7861017229575302
59.070764832022874,3.7905150020263427
59.12794853466762,3.7949288844713776
59.18513223731237,3.7993433666706435
59.24231593995711,3.8037584450662854
59.29949964260186,3.8081741161645972
59.3566833452466,3.8125903765360087
59.41386704789135,3.8170072228150973
59.471050750536094,3.8214246517005748
59.52823445318084,3.8258426599553053
59.58541815582559,3.8302612444062825
59.642601858470336,3.8346804019446514
59.699785561115085,3.8391001295256952
59.75696926375983,3.843520424168838
59.81415296640458,3.847941282957647
59.87133666904932,3.852362703039832
59.92852037169407,3.8567846816272437
59.98570407433881,3.861207215995874
60.04288777698356,3.865630303485858
60.100071479628305,3.870053941501469
60.157255182273055,3.8744781275111295
60.2144388849178,3.878902859047395
60.27162258756255,3.8833281337069696
60.32880629020729,3.8877539491506967
60.38598999285204,3.892180303103563
60.44317369549678,3.896607193354691
60.50035739814153,3.9010346177573547
60.557541100786274,3.90546257422896
60.614724803431024,3.909891060751065
60.671908506075766,3.9143200753693566
60.729092208720516,3.9187496161936775
60.78627591136526,3.923179681398003
60.84345961401001,3.9276102692204535
60.90064331665475,3.9320413779632917
60.9578270192995,3.9364730059929176
61.01501072194424,3.940905151739881
61.07219442458899,3.945337813698866
61.129378127233736,3.9497709904287017
61.186561829878485,3.9542046805523596
61.24374553252323,3.95863888275695
61.30092923516798,3.963073595793733
61.35811293781272,3.9675088184780987
61.41529664045747,3.9719445496895878
61.47248034310221,3.9763807883718796
61.52966404574696,3.9808175335327967
61.58684774839171,3.985254784244302
61.644031451036454,3.9896925396424967
61.701215153681204,3.9941307989276362
61.75839885632595,3.9985695613641044
61.815582558970696,4.003008826280432
61.87276626161544,4.007448593069292
61.92994996426019,4.011888861187497
61.98713366690493,4.016329630156008
62.04431736954968,4.0207708995599205
62.101501072194424,4.025212669048472
62.15868477483917,4.029654938335046
62.215868477483916,4.0340977071971675
62.273052180128666,4.038540975476499
62.33023588277341,4.042984743078851
62.38741958541816,4.04742900997417
62.4446032880629,4.051873776196546
62.50178699070765,4.0563190418442145
62.55897069335239,4.060764807079547
62.61615439599714,4.065211072129062
62.673338098641885,4.069657837283415
62.730521801286635,4.074105102897408
62.78770550393138,4.078552869389981
62.84488920657613,4.083001137244221
62.90207290922087,4.087449907007346
62.95925661186562,4.091899179290732
63.01644031451036,4.096348954769884
63.07362401715511,4.1007992341844535
63.130807719799854,4.105250018338228
63.187991422444604,4.109701308099151
63.24517512508935,4.1141531043992865
63.302358827734096,4.1186054082348695
63.35954253037884,4.123058220666246
63.41672623302359,4.127511542817919
63.47390993566833,4.131965375878536
63.53109363831308,4.136419721100884
63.58827734095782,4.140874579801888
63.64546104360257,4.145329953362613
63.70264474624732,4.1497858432282735
63.759828448892065,4.154242250908224
63.817012151536815,4.158699177975955
63.87419585418156,4.163156626069105
63.93137955682631,4.167614596889452
63.98856325947105,4.172073092202913
64.0457469621158,4.1765321138395555
64.10293066476055,4.18099166369358
64.16011436740528,4.185451743723325
64.21729807005003,4.18991235595129
64.27448177269478,4.194373502464098
64.33166547533953,4.198835185412519
64.38884917798427,4.203297407011464
64.44603288062902,4.207760169539989
64.50321658327377,4.212223475341295
64.56040028591852,4.216687326822715
64.61758398856325,4.221151726455731
64.674767691208,4.22561667677596
64.73195139385275,4.2300821803831745
64.7891350964975,4.234548239941272
64.84631879914224,4.239014858178303
64.90350250178699,4.243482037886455
64.96068620443174,4.2479497819220615
65.01786990707649,4.252418093205594
65.07505360972122,4.256886974721661
65.13223731236597,4.261356429519026
65.18942101501072,4.26582646071059
65.24660471765547,4.270297071473384
65.30378842030021,4.274768265048591
65.36097212294496,4.279240044741543
65.41815582558971,4.283712413921696
65.47533952823446,4.288185376022664
65.53252323087919,4.292658934542189
65.58970693352394,4.297133093042168
65.64689063616869,4.301607855148633
65.70407433881344,4.306083224551752
65.76125804145819,4.310559205005852
65.81844174410293,4.315035800329377
65.87562544674768,4.319513014404941
65.93280914939243,4.323990851179279
65.98999285203718,4.328469314663275
66.04717655468191,4.332948408931953
66.10436025732666,4.337428138124487
66.16154395997141,4.341908506444176
66.21872766261616,4.346389518158478
66.2759113652609,4.350871177598982
66.33309506790565,4.355353489161425
66.3902787705504,4.359836457305682
66.44746247319515,4.364320086555772
66.50464617583988,4.368804381499849
66.56182987848463,4.373289346790228
66.61901358112938,4.377774987143344
66.67619728377413,4.3822613073397765
66.73338098641887,4.386748312224261
66.79056468906361,4.391236006705668
66.84774839170836,4.395724395757006
66.90493209435311,4.400213484415424
66.96211579699785,4.404703277782215
67.0192994996426,4.409193781022827
67.07648320228735,4.413684999366829
67.1336669049321,4.4181769381079405
67.19085060757683,4.422669602604027
67.24803431022158,4.427162998277092
67.30521801286633,4.431657130613274
67.36240171551108,4.43615200516287
67.41958541815582,4.440647627540302
67.47676912080057,4.445144003424144
67.53395282344532,4.449641138557109
67.59113652609007,4.454139038746051
67.6483202287348,4.458637709861966
67.70550393137955,4.463137157839991
67.7626876340243,4.4676373886794085
67.81987133666905,4.472138408443639
67.8770550393138,4.476640223260246
67.93423874195854,4.481142839320933
67.99142244460329,4.48564626288155
68.04860614724804,4.490150500262088
68.10578984989279,4.494655557846673
68.16297355253752,4.4991614420835795
68.22015725518227,4.503668159485221
68.27734095782702,4.508175716628157
68.33452466047177,4.512684120153081
68.3917083631165,4.5171933767648405
68.44889206576126,4.521703493232408
68.506075768406,4.526214476388914
68.56325947105076,4.53072633313162
68.62044317369549,4.5352390704219365
68.67762687634024,4.5397526952854115
68.73481057898499,4.544267214811736
68.79199428162974,4.548782636154739
68.84917798427448,4.553298966532401
68.90636168691923,4.5578162132268325
68.96354538956398,4.562334383584295
69.02072909220873,4.566853485015189
69.07791279485346,4.571373524994057
69.13509649749821,4.575894511059579
69.19228020014296,4.5804164508145835
69.24946390278771,4.5849393519260335
69.30664760543245,4.589463222125046
69.3638313080772,4.593988069206864
69.42101501072194,4.598513901030885
69.4781987133667,4.603040725520644
69.53538241601143,4.607568550663812
69.59256611865618,4.61209738451221
69.64974982130093,4.6166272351818
69.70693352394568,4.621158110852681
69.76411722659043,4.625690019769105
69.82130092923516,4.6302229702394415
69.87848463187991,4.634756970636229
69.93566833452466,4.639292029396135
69.99285203716941,4.643828155019969
70.05003573981415,4.648365356072686
70.1072194424589,4.652903641183379
70.16440314510365,4.657443019045283
70.2215868477484,4.661983498415779
70.27877055039313,4.666525088116387
70.33595425303788,4.671067797032764
70.39313795568263,4.675611634114718
70.45032165832738,4.680156608376196
70.50750536097212,4.68470272889528
70.56468906361687,4.689250004814202
70.62187276626162,4.693798445339334
70.67905646890637,4.698348059741191
70.7362401715511,4.70289885735442
70.79342387419585,4.707450847577823
70.8506075768406,4.712004039874332
70.90779127948535,4.71655844377104
70.96497498213009,4.721114068859158
71.02215868477484,4.72567092479405
71.07934238741959,4.730229021295225
71.13652609006434,4.734788368146328
71.19370979270907,4.739348975195149
71.25089349535382,4.743910852353624
71.30807719799857,4.7484740095978175
71.36526090064332,4.75303845696795
71.42244460328806,4.757604204568372
71.4796283059328,4.762171262567589
71.53681200857756,4.7667396411982335
71.5939957112223,4.771309350757095
71.65117941386704,4.7758804016050895
71.70836311651179,4.780452804167288
71.76554681915654,4.785026568932901
71.82273052180129,4.789601706455262
71.87991422444604,4.794178227351882
71.93709792709078,4.798756142304381
71.99428162973553,4.803335462058536
72.05146533238027,4.807916197424268
72.10864903502502,4.812498359275628
72.16583273766976,4.817081958550823
72.22301644031451,4.821667006252193
72.28020014295926,4.826253513446215
72.33738384560401,4.83084149126352
72.39456754824874,4.83543095089888
72.4517512508935,4.840021903611195
72.50893495353824,4.84461436072352
72.566118656183,4.849208333623052
72.62330235882773,4.853803833761125
72.68048606147248,4.858400872653203
72.73766976411723,4.862999461878921
72.79485346676198,4.867599613082032
72.85203716940671,4.872201337970431
72.90922087205146,4.876804648316169
72.96640457469621,4.881409555955434
73.02358827734096,4.88601607278855
73.0807719799857,4.89062421077999
73.13795568263045,4.895233981958349
73.1951393852752,4.899845398416403
73.25232308791995,4.904458472311035
73.30950679056468,4.909073215863275
73.36669049320943,4.913689641358314
73.42387419585418,4.918307761145465
73.48105789849893,4.922927587638192
73.53824160114367,4.927549133314093
73.59542530378842,4.932172410714921
73.65260900643317,4.936797432446562
73.70979270907792,4.941424211179045
73.76697641172265,4.946052759646543
73.8241601143674,4.950683090647358
73.88134381701215,4.95531521704396
73.9385275196569,4.959949151762936
73.99571122230165,4.964584907795025
74.05289492494639,4.96922249819511
74.11007862759114,4.9738619360822085
74.16726233023589,4.978503234639488
74.22444603288064,4.98314640711426
74.28162973552537,4.987791466817951
74.33881343817012,4.992438427126178
74.39599714081487,4.9970873014786505
74.45318084345962,5.00173810337925
74.51036454610436,5.006390846395993
74.5675482487491,5.011045544161032
74.62473195139385,5.015702210370671
74.6819156540386,5.020360858785335
74.73909935668334,5.02502150322962
74.79628305932809,5.029684157592246
74.85346676197284,5.03434883582608
74.91065046461759,5.039015551948129
74.96783416726232,5.043684320039539
75.02501786990707,5.048355154245609
75.08220157255182,5.053028068775767
75.13938527519657,5.057703077903582
75.19656897784131,5.062380195966771
75.25375268048606,5.067059437367204
75.31093638313081,5.0717408165708715
75.36812008577556,5.076424348107917
75.4253037884203,5.081110046572627
75.48248749106504,5.085797926623426
75.5396711937098,5.0904880029828785
75.59685489635454,5.095180290437698
75.65403859899928,5.099874803838732
75.71122230164403,5.104571558100975
75.76840600428878,5.1092705682035575
75.82558970693353,5.11397184918976
75.88277340957826,5.118675416167008
75.93995711222301,5.1233812843068485
75.99714081486776,5.128089468844994
76.05432451751251,5.1327999850812756
76.11150822015726,5.137512848379693
76.168691922802,5.142228074168369
76.22587562544675,5.146945677939566
76.2830593280915,5.151665675249699
76.34024303073625,5.156388081719328
76.39742673338098,5.16111291303314
76.45461043602573,5.165840184939979
76.51179413867048,5.170569913252811
76.56897784131523,5.175302113848762
76.62616154395997,5.180036802669093
76.68334524660472,5.184773995719217
76.74052894924947,5.189513709068663
76.79771265189422,5.194255958851132
76.85489635453895,5.199000761264459
76.9120800571837,5.203748132570595
76.96926375982845,5.208498089095663
77.0264474624732,5.21325064722992
77.08363116511794,5.2180058234277595
77.14081486776269,5.222763634207723
77.19799857040744,5.227524096152486
77.25518227305218,5.23228722590887
77.31236597569692,5.237053040187842
77.36954967834167,5.24182155576451
77.42673338098642,5.246592789478113
77.48391708363117,5.2513667582320505
77.5411007862759,5.256143478993845
77.59828448892065,5.260922968795182
77.6554681915654,5.265705244731862
77.71265189421015,5.270490323963848
77.76983559685489,5.275278223715231
77.82701929949964,5.280068961274267
77.88420300214439,5.284862553993323
77.94138670478914,5.2896590192889335
77.99857040743389,5.294458374641753
78.05575411007862,5.2992606375965945
78.11293781272337,5.304065825762416
78.17012151536812,5.308873956812295
78.22730521801287,5.313685048483471
78.28448892065761,5.318499118577309
78.34167262330236,5.323316184959353
78.39885632594711,5.328136265559223
78.45604002859186,5.332959378370747
78.5132237312366,5.33778554145186
78.57040743388134,5.342614772924643
78.62759113652609,5.347447090975322
78.68477483917084,5.35228251385427
78.74195854181558,5.357121059875983
78.79914224446033,5.361962747419131
78.85632594710508,5.3668075949264935
78.91350964974983,5.371655620905006
78.97069335239456,5.37650684392575
79.02787705503931,5.3813612826239385
79.08506075768406,5.38621895569894
79.14224446032881,5.391079881914244
79.19942816297355,5.395944080097513
79.2566118656183,5.400811569140515
79.31379556826305,5.405682367999184
79.3709792709078,5.410556495693587
79.42816297355253,5.415433971307936
79.48534667619728,5.42031481399059
79.54253037884203,5.425199042954045
79.59971408148678,5.43008667747492
79.65689778413152,5.434977736894005
79.71408148677627,5.439872240616223
79.77126518942102,5.444770208110638
79.82844889206577,5.449671658910443
79.8856325947105,5.454576612612996
79.94281629735525,5.459485088879774
80,5.464397107436412
